{"cameraMode":{"drawMode":0,"name":"Shaded","section":"Shading Mode"},"sceneLighting":false,"audioPlay":false,"sceneViewState":{"showFog":true,"showMaterialUpdate":true,"showSkybox":true,"showFlares":true,"showImageEffects":true,"showParticleSystems":true},"in2DMode":false,"pivot":{"x":3.2300000190734865,"y":1.350000023841858,"z":3.4600000381469728},"rotation":{"x":0.08466813713312149,"y":0.7565850615501404,"z":-0.09999164938926697,"w":0.6406341791152954},"size":7.535223484039307,"orthographic":true}