{"cameraMode":{"drawMode":0,"name":"Shaded","section":"Shading Mode"},"sceneLighting":false,"audioPlay":false,"sceneViewState":{"showFog":true,"showMaterialUpdate":true,"showSkybox":true,"showFlares":true,"showImageEffects":true,"showParticleSystems":true},"in2DMode":false,"pivot":{"x":3.2300000190734865,"y":1.409017562866211,"z":3.4600000381469728},"rotation":{"x":0.05495593696832657,"y":-0.6576160192489624,"z":0.04825387895107269,"w":0.7497950196266174},"size":4.345032215118408,"orthographic":true}